{"p_des": {"cmd": 0, "bits": 16, "min_value": -3.14159, "max_value": 3.14159}, "v_des": {"cmd": -0.015873015873012264, "bits": 12, "min_value": -65, "max_value": 65}, "kp": {"cmd": 295.36019536019535, "bits": 12, "min_value": 0, "max_value": 500}, "kd": {"cmd": 1.7997557997557998, "bits": 12, "min_value": 0, "max_value": 5}, "i_ff": {"cmd": -0.004884004884004867, "bits": 12, "min_value": -20, "max_value": 20}}